Assisted Living in xyz town;37.7624642;-121.9814354

